app_id,o1_mail_date,a1_dates,next_type,next_date,label,next_refers_to_a1,a1_refers_to_o1,verified,next_dates_found
11968167,2009-10-29,2010-01-25,CTFR,2010-05-07,1,True,True,True,2010-01-25
11968173,2011-08-01,2011-11-29 + 2011-12-13,CTFR,2012-02-17,1,True,True,True,2011-11-29;2011-12-13
11968176,2008-06-09,2008-06-16,NOA,2008-07-03,0,True,True,True,1980-12-12;2000-05-29;2008-06-16
12839299,2011-11-17,2012-02-16,CTFR,2012-04-25,1,True,True,True,2012-02-16
12729026,2012-01-26,2012-07-25,CTFR,2012-09-20,1,True,True,True,2012-07-25
14572445,2016-09-08,2016-12-01,CTRS,2017-02-06,other,True,True,True,2016-12-01
12833764,2011-08-11,2012-02-13,CTFR,2012-02-23,1,True,True,True,2011-03-03;2012-02-13
13001081,2013-08-15,2013-12-13,NOA,2014-01-15,0,True,True,True,1980-12-12;2000-05-29;2013-12-13
14622198,2016-01-25,2016-04-21,NOA,2016-05-06,0,True,True,True,1980-12-12;2000-05-29;2013-03-16;2016-04-21
14130025,2016-11-30,2017-02-27,CTFR,2017-05-31,1,True,True,True,2017-02-27
12292346,2011-10-07,2012-01-09,CTFR,2012-01-20,1,True,True,True,2012-01-09
14460009,2016-06-10,2016-09-09,CTFR,2016-10-26,1,True,True,True,2016-09-09
13312797,2012-09-25,2012-12-21,CTFR,2013-05-03,1,True,True,True,2012-12-21
14723918,2016-05-05,2016-09-06,CTFR,2016-12-13,1,True,True,True,2013-03-16;2016-09-06
13151341,2014-08-14,2014-11-11,CTFR,2015-02-25,1,True,True,True,2011-06-02;2014-11-11
12813013,2013-01-22,2013-06-20,CTFR,2013-10-09,1,True,True,True,2013-01-22;2013-06-20
13043628,2013-06-18,2013-08-29,NOA,2013-09-30,0,True,True,True,1980-12-12;2000-05-29;2011-01-11;2013-08-29
12323135,2010-08-19,2010-10-25,CTFR,2011-01-06,1,True,True,True,2010-10-25
13575141,2014-08-27,2014-11-26,CTFR,2015-03-11,1,True,True,True,2014-11-26
12570813,2012-10-02,2013-02-04,CTFR,2013-05-15,1,True,True,True,2013-02-04
12110584,2010-10-14,2011-01-13,CTFR,2011-03-17,1,True,True,True,2011-01-13
12362857,2009-11-05,2010-02-01,CTNF,2010-05-11,1,True,True,True,2009-01-30;2010-02-01
12785847,2012-07-31,2012-11-29,CTFR,2013-02-06,1,True,True,True,2012-11-29
14229448,2015-10-16,2016-01-12,NOA,2016-04-06,0,True,True,True,1980-12-12;2000-05-29;2013-03-16;2016-01-12
13293637,2012-12-31,2013-04-01,CTNF,2013-05-02,1,True,True,True,2013-04-01
14543665,2016-09-22,2016-12-22,NOA,2017-04-12,0,True,True,True,1980-12-12;2000-05-29;2016-12-22
14523635,2016-01-05,2016-04-05,CTFR,2017-02-07,1,True,True,True,2014-10-24;2016-04-05
12044999,2010-12-21,2011-03-19,CTFR,2011-04-25,1,True,True,True,2011-03-19
13151368,2013-04-25,2013-08-26,NOA,2013-10-25,0,True,True,True,1980-12-12;2000-05-29;2013-08-26
14950996,2016-11-16,2017-02-16,CTFR,2017-03-29,1,True,True,True,2013-03-16;2017-02-16
12068956,2010-01-28,2010-04-28,NOA,2010-07-26,0,True,True,True,1980-12-12;2000-05-29;2010-04-28
12799646,2012-11-21,2013-03-21,CTFR,2013-05-31,1,True,True,True,2013-03-21;2013-04-01
13079536,2013-03-11,2013-05-17,NOA,2013-06-07,0,True,True,True,1980-12-12;2000-05-29;2011-04-04;2013-05-17
14816491,2017-01-20,2017-04-14,CTFR,2017-05-22,1,True,True,True,2013-03-16;2017-04-14
12427402,2010-09-17,2010-10-12,CTNF,2011-01-21,1,True,True,True,2010-10-12
14401783,2015-10-08,2015-12-29,NOA,2016-03-14,0,True,True,True,1980-12-12;2000-05-29;2015-12-29
12844263,2012-10-24,2013-01-22,NOA,2013-02-14,0,True,True,True,1980-12-12;2000-05-29;2013-01-22
14031839,2015-01-05,2015-02-27,CTFR,2015-03-26,1,True,True,True,2013-03-16;2015-02-27
14838440,2016-07-29,2016-10-31,CTFR,2017-01-27,1,True,True,True,2013-03-16;2015-08-28;2016-07-29;2016-10-31
12320570,2010-09-16,2011-02-15,NOA,2011-04-07,0,True,True,True,1980-12-12;2000-05-29;2011-02-15
12050527,2010-07-22,2010-10-22,NOA,2010-12-09,0,True,True,True,1980-12-12;2000-05-29;2010-10-22
14420580,2015-10-06,2016-01-06,NOA,2016-02-25,0,True,True,True,1980-12-12;2000-05-29;2015-02-09;2016-01-06
13241198,2012-04-11,2012-10-11,CTFR,2013-01-25,1,True,True,True,2011-09-22;2012-10-11
12858323,2012-12-19,2013-03-18,NOA,2013-04-01,0,True,True,True,1980-12-12;2000-05-29;2013-03-18
14665041,2016-08-24,2017-01-20,NOA,2017-04-04,0,True,True,True,1980-12-12;2000-05-29;2013-03-16;2017-01-20
12883255,2011-07-27,2011-10-21,CTFR,2011-12-22,1,True,True,True,2011-10-21
12599615,2012-07-23,2012-10-16,NOA,2012-11-08,0,True,True,True,1980-12-12;2000-05-29;2012-10-16
14355074,2014-08-28,2014-11-28,NOA,2014-12-16,0,True,True,True,1980-12-12;2000-05-29;2014-11-28
12428314,2011-03-18,2011-08-18,CTFR,2011-10-03,1,True,True,True,2011-08-18
12100982,2009-06-09,2009-08-17,NOA,2009-10-06,0,True,True,True,1980-12-12;2000-05-29;2009-08-17
12431066,2011-03-21,2011-06-21,CTFR,2011-08-15,1,True,True,True,2009-04-28;2011-06-21;2011-06-27
14239985,2015-04-17,2015-07-16,NOA,2015-08-26,0,True,True,True,1980-12-12;2000-05-29;2014-02-26;2015-07-16
13577408,2015-01-14,2015-05-08,CTFR,2015-05-20,1,True,True,True,2015-05-08
14157613,2015-12-02,2016-04-04,CTFR,2016-04-22,1,True,True,True,2016-04-04;2016-04-12
14857422,2016-04-19,2016-09-19,CTFR,2016-12-07,1,True,True,True,2016-09-19
12095059,2012-07-18,2012-10-18,NOA,2012-12-03,0,True,True,True,1980-12-12;2000-05-29;2012-10-18
13697289,2015-11-02,2016-02-02,CTFR,2016-03-02,1,True,True,True,2012-11-09;2016-02-02
13587693,2014-09-19,2014-12-17,CTFR,2015-02-05,1,True,True,True,2014-12-17
12764539,2010-08-11,2010-12-13,NOA,2011-03-01,0,True,True,True,1980-12-12;2000-05-29;2010-12-13
12518829,2010-11-12,2011-03-14,CTFR,2011-05-06,1,True,True,True,2011-03-14
13769419,2015-03-16,2015-05-29,CTFR,2015-08-19,1,True,True,True,2015-05-29
14482153,2017-02-27,2017-04-17,CTFR,2017-07-26,1,True,True,True,2013-03-16;2014-09-10;2017-04-17
