sample_id,days_filing_to_o1,days_o1_to_reply
12839299_t1,486,91
12729026_t1,675,181
12833764_t1,398,186
14622198_t1,346,87
14130025_t1,1066,89
12292346_t1,1054,94
14460009_t1,666,91
13312797_t1,294,87
14723918_t1,343,124
13151341_t1,1169,89
12813013_t1,957,149
13043628_t1,832,72
12323135_t1,632,67
13575141_t1,763,91
12570813_t1,1098,125
12110584_t1,899,91
12362857_t1,279,88
12785847_t1,799,121
14229448_t1,567,88
13293637_t1,417,91
14543665_t1,675,91
14523635_t1,438,91
12044999_t1,1017,88
13151368_t1,693,123
14950996_t1,358,92
12068956_t1,715,90
12799646_t1,937,120
13079536_t1,707,67
14816491_t1,536,84
12427402_t1,514,25
14401783_t1,325,82
12844263_t1,820,90
14031839_t1,473,53
14838440_t1,336,94
12320570_t1,595,152
12050527_t1,856,92
14420580_t1,239,92
13241198_t1,202,183
12858323_t1,855,89
14665041_t1,520,149
12883255_t1,314,86
12599615_t1,717,85
14355074_t1,121,92
12428314_t1,695,153
12100982_t1,425,69
12431066_t1,692,92
14239985_t1,421,90
13577408_t1,891,114
14157613_t1,684,124
14857422_t1,215,153
12095059_t1,1412,92
13697289_t1,1088,92
13587693_t1,764,89
12764539_t1,112,124
12518829_t1,519,122
13769419_t1,756,74
14482153_t1,901,49
