sample_id,p_second_oa
13151341_t1,0.4821727237763956
13575141_t1,0.5744728333074758
13577408_t1,0.6130015360743863
13587693_t1,0.5685231407476031
13697289_t1,0.5083122752924357
13769419_t1,0.526698506524824
14031839_t1,0.5258215676156315
14130025_t1,0.5042380564421581
14157613_t1,0.6801761109369892
14229448_t1,0.6065845435367029
14239985_t1,0.6414281990875191
14355074_t1,0.7031134340991376
14401783_t1,0.6387874441464344
14420580_t1,0.6815747272759013
14460009_t1,0.594662212383003
14482153_t1,0.42302143193720076
14523635_t1,0.6407717215527541
14543665_t1,0.5928012864521155
14622198_t1,0.6481005997120339
14665041_t1,0.7664093316672581
14723918_t1,0.7401768047270375
14816491_t1,0.6017288519394621
14838440_t1,0.6684777070265026
14857422_t1,0.8170474836424665
14950996_t1,0.6590381514681757
