app_id,family_id,stratum_tc,role,frame_first_oa_date,frame_art_unit,n_oard_actions,seed,snapshot_date,frame,filing_date,eligible,exclusion_reason,final_role,replaces
12839299,11575053,1600,main,2011-11-17,1616,2,20261006,2026-10-06,"OARD apps 11960000-14999999, first OARD action=CTNF, pilot 3 excluded",2010-07-19,True,,main,
12729026,10561071,1600,main,2012-01-26,1624,2,20261006,2026-10-06,"OARD apps 11960000-14999999, first OARD action=CTNF, pilot 3 excluded",2010-03-22,True,,main,
14572445,14572445,1600,main,2016-09-08,1637,2,20261006,2026-10-06,"OARD apps 11960000-14999999, first OARD action=CTNF, pilot 3 excluded",2014-12-16,True,,main,
12833764,10911464,1600,main,2011-08-11,1648,2,20261006,2026-10-06,"OARD apps 11960000-14999999, first OARD action=CTNF, pilot 3 excluded",2010-07-09,True,,main,
13001081,13001081,1600,main,2013-08-15,1636,1,20261006,2026-10-06,"OARD apps 11960000-14999999, first OARD action=CTNF, pilot 3 excluded",2011-07-14,True,,main,
14622198,14622198,1600,alternate_1,2016-01-25,1671,1,20261006,2026-10-06,"OARD apps 11960000-14999999, first OARD action=CTNF, pilot 3 excluded",2015-02-13,True,,extra_alternate,
14130025,14130025,1700,main,2016-11-30,1772,1,20261006,2026-10-06,"OARD apps 11960000-14999999, first OARD action=CTNF, pilot 3 excluded",2013-12-30,True,,main,
12292346,12292346,1700,main,2011-10-07,1755,2,20261006,2026-10-06,"OARD apps 11960000-14999999, first OARD action=CTNF, pilot 3 excluded",2008-11-17,True,,main,
14460009,11564157,1700,main,2016-06-10,1768,2,20261006,2026-10-06,"OARD apps 11960000-14999999, first OARD action=CTNF, pilot 3 excluded",2014-08-14,True,,main,
13312797,13312797,1700,main,2012-09-25,1791,2,20261006,2026-10-06,"OARD apps 11960000-14999999, first OARD action=CTNF, pilot 3 excluded",2011-12-06,True,,main,
14723918,14723918,1700,main,2016-05-05,1735,2,20261006,2026-10-06,"OARD apps 11960000-14999999, first OARD action=CTNF, pilot 3 excluded",2015-05-28,True,,main,
13151341,13151341,1700,main,2014-08-14,1711,2,20261006,2026-10-06,"OARD apps 11960000-14999999, first OARD action=CTNF, pilot 3 excluded",2011-06-02,True,,main,
12813013,11691276,1700,alternate_1,2013-01-22,1733,4,20261006,2026-10-06,"OARD apps 11960000-14999999, first OARD action=CTNF, pilot 3 excluded",2010-06-10,True,,extra_alternate,
12472799,12472799,1700,alternate_2,2011-07-28,1713,1,20261006,2026-10-06,"OARD apps 11960000-14999999, first OARD action=CTNF, pilot 3 excluded",2009-05-27,False,no_reply_to_O1,excluded,
13043628,13043628,2100,main,2013-06-18,2114,1,20261006,2026-10-06,"OARD apps 11960000-14999999, first OARD action=CTNF, pilot 3 excluded",2011-03-09,True,,main,
12323135,09746924,2100,main,2010-08-19,2172,3,20261006,2026-10-06,"OARD apps 11960000-14999999, first OARD action=CTNF, pilot 3 excluded",2008-11-25,True,,main,
13575141,13575141,2100,main,2014-08-27,2133,2,20261006,2026-10-06,"OARD apps 11960000-14999999, first OARD action=CTNF, pilot 3 excluded",2012-07-25,True,,main,
12570813,12570813,2100,main,2012-10-02,2184,3,20261006,2026-10-06,"OARD apps 11960000-14999999, first OARD action=CTNF, pilot 3 excluded",2009-09-30,True,,main,
12110584,12110584,2100,alternate_1,2010-10-14,2163,3,20261006,2026-10-06,"OARD apps 11960000-14999999, first OARD action=CTNF, pilot 3 excluded",2008-04-28,True,,extra_alternate,
12362857,09981182,2400,main,2009-11-05,2492,2,20261006,2026-10-06,"OARD apps 11960000-14999999, first OARD action=CTNF, pilot 3 excluded",2009-01-30,True,,main,
12785847,12785847,2400,main,2012-07-31,2442,3,20261006,2026-10-06,"OARD apps 11960000-14999999, first OARD action=CTNF, pilot 3 excluded",2010-05-24,True,,main,
14229448,14229448,2400,main,2015-10-16,2471,2,20261006,2026-10-06,"OARD apps 11960000-14999999, first OARD action=CTNF, pilot 3 excluded",2014-03-28,True,,main,
13293637,12215360,2400,main,2012-12-31,2472,2,20261006,2026-10-06,"OARD apps 11960000-14999999, first OARD action=CTNF, pilot 3 excluded",2011-11-10,True,,main,
14543665,11777184,2400,alternate_1,2016-09-22,2453,1,20261006,2026-10-06,"OARD apps 11960000-14999999, first OARD action=CTNF, pilot 3 excluded",2014-11-17,True,,extra_alternate,
14523635,14523635,2600,main,2016-01-05,2622,2,20261006,2026-10-06,"OARD apps 11960000-14999999, first OARD action=CTNF, pilot 3 excluded",2014-10-24,True,,main,
12044999,10952427,2600,main,2010-12-21,2627,2,20261006,2026-10-06,"OARD apps 11960000-14999999, first OARD action=CTNF, pilot 3 excluded",2008-03-09,True,,main,
13151368,13151368,2600,main,2013-04-25,2648,1,20261006,2026-10-06,"OARD apps 11960000-14999999, first OARD action=CTNF, pilot 3 excluded",2011-06-02,True,,main,
14950996,14950996,2600,main,2016-11-16,2643,1,20261006,2026-10-06,"OARD apps 11960000-14999999, first OARD action=CTNF, pilot 3 excluded",2015-11-24,True,,main,
12068956,12068956,2600,main,2010-01-28,2612,1,20261006,2026-10-06,"OARD apps 11960000-14999999, first OARD action=CTNF, pilot 3 excluded",2008-02-13,True,,main,
12799646,12799646,2600,main,2012-11-21,2697,2,20261006,2026-10-06,"OARD apps 11960000-14999999, first OARD action=CTNF, pilot 3 excluded",2010-04-29,True,,main,
13079536,13079536,2600,alternate_1,2013-03-11,2664,1,20261006,2026-10-06,"OARD apps 11960000-14999999, first OARD action=CTNF, pilot 3 excluded",2011-04-04,True,,extra_alternate,
14816491,14816491,2600,alternate_2,2017-01-20,2693,1,20261006,2026-10-06,"OARD apps 11960000-14999999, first OARD action=CTNF, pilot 3 excluded",2015-08-03,True,,extra_alternate,
12427402,10101508,2800,main,2010-09-17,2857,2,20261006,2026-10-06,"OARD apps 11960000-14999999, first OARD action=CTNF, pilot 3 excluded",2009-04-21,True,,main,
14401783,14401783,2800,main,2015-10-08,2838,1,20261006,2026-10-06,"OARD apps 11960000-14999999, first OARD action=CTNF, pilot 3 excluded",2014-11-17,True,,main,
12844263,12844263,2800,main,2012-10-24,2893,1,20261006,2026-10-06,"OARD apps 11960000-14999999, first OARD action=CTNF, pilot 3 excluded",2010-07-27,True,,main,
14031839,14031839,2800,main,2015-01-05,2896,7,20261006,2026-10-06,"OARD apps 11960000-14999999, first OARD action=CTNF, pilot 3 excluded",2013-09-19,True,,main,
14838440,14838440,2800,main,2016-07-29,2853,2,20261006,2026-10-06,"OARD apps 11960000-14999999, first OARD action=CTNF, pilot 3 excluded",2015-08-28,True,,main,
12320570,12320570,2800,main,2010-09-16,2834,1,20261006,2026-10-06,"OARD apps 11960000-14999999, first OARD action=CTNF, pilot 3 excluded",2009-01-29,True,,main,
12050527,12050527,2800,main,2010-07-22,2872,1,20261006,2026-10-06,"OARD apps 11960000-14999999, first OARD action=CTNF, pilot 3 excluded",2008-03-18,True,,main,
14420580,14420580,2800,main,2015-10-06,2867,1,20261006,2026-10-06,"OARD apps 11960000-14999999, first OARD action=CTNF, pilot 3 excluded",2015-02-09,True,,main,
13241198,11352289,2800,main,2012-04-11,2878,2,20261006,2026-10-06,"OARD apps 11960000-14999999, first OARD action=CTNF, pilot 3 excluded",2011-09-22,True,,main,
12250112,12250112,2800,main,2010-08-30,2879,1,20261006,2026-10-06,"OARD apps 11960000-14999999, first OARD action=CTNF, pilot 3 excluded",2008-10-13,False,no_reply_to_O1,excluded,
12858323,12858323,2800,alternate_1,2012-12-19,2879,1,20261006,2026-10-06,"OARD apps 11960000-14999999, first OARD action=CTNF, pilot 3 excluded",2010-08-17,True,,replacement,12250112
14665041,14665041,2800,alternate_2,2016-08-24,2835,1,20261006,2026-10-06,"OARD apps 11960000-14999999, first OARD action=CTNF, pilot 3 excluded",2015-03-23,True,,extra_alternate,
12883255,12883255,2800,alternate_3,2011-07-27,2823,4,20261006,2026-10-06,"OARD apps 11960000-14999999, first OARD action=CTNF, pilot 3 excluded",2010-09-16,True,,extra_alternate,
12599615,12599615,3600,main,2012-07-23,3677,1,20261006,2026-10-06,"OARD apps 11960000-14999999, first OARD action=CTNF, pilot 3 excluded",2010-08-06,True,,main,
13296992,13296992,3600,main,2014-08-13,3644,1,20261006,2026-10-06,"OARD apps 11960000-14999999, first OARD action=CTNF, pilot 3 excluded",2011-11-15,False,no_reply_to_O1,excluded,
14633262,14633262,3600,main,2017-01-27,3669,1,20261006,2026-10-06,"OARD apps 11960000-14999999, first OARD action=CTNF, pilot 3 excluded",2015-02-27,False,no_reply_to_O1,excluded,
14355074,14355074,3600,main,2014-08-28,3612,1,20261006,2026-10-06,"OARD apps 11960000-14999999, first OARD action=CTNF, pilot 3 excluded",2014-04-29,True,,main,
14283810,14283810,3600,main,2016-03-10,3673,1,20261006,2026-10-06,"OARD apps 11960000-14999999, first OARD action=CTNF, pilot 3 excluded",2014-05-21,False,no_reply_to_O1,excluded,
12428314,12428314,3600,main,2011-03-18,3643,3,20261006,2026-10-06,"OARD apps 11960000-14999999, first OARD action=CTNF, pilot 3 excluded",2009-04-22,True,,main,
12100982,12100982,3600,main,2009-06-09,3641,1,20261006,2026-10-06,"OARD apps 11960000-14999999, first OARD action=CTNF, pilot 3 excluded",2008-04-10,True,,main,
12431066,12431066,3600,alternate_1,2011-03-21,3617,2,20261006,2026-10-06,"OARD apps 11960000-14999999, first OARD action=CTNF, pilot 3 excluded",2009-04-28,True,,replacement,13296992
14239985,14239985,3600,alternate_2,2015-04-17,3668,1,20261006,2026-10-06,"OARD apps 11960000-14999999, first OARD action=CTNF, pilot 3 excluded",2014-02-20,True,,replacement,14633262
13577408,13577408,3700,main,2015-01-14,3721,5,20261006,2026-10-06,"OARD apps 11960000-14999999, first OARD action=CTNF, pilot 3 excluded",2012-08-06,True,,main,
14157613,11042732,3700,main,2015-12-02,3714,4,20261006,2026-10-06,"OARD apps 11960000-14999999, first OARD action=CTNF, pilot 3 excluded",2014-01-17,True,,main,
14857422,11402319,3700,main,2016-04-19,3775,2,20261006,2026-10-06,"OARD apps 11960000-14999999, first OARD action=CTNF, pilot 3 excluded",2015-09-17,True,,main,
12095059,12095059,3700,main,2012-07-18,3779,1,20261006,2026-10-06,"OARD apps 11960000-14999999, first OARD action=CTNF, pilot 3 excluded",2008-09-05,True,,main,
13697289,13697289,3700,main,2015-11-02,3745,3,20261006,2026-10-06,"OARD apps 11960000-14999999, first OARD action=CTNF, pilot 3 excluded",2012-11-09,True,,main,
13587693,13587693,3700,main,2014-09-19,3711,2,20261006,2026-10-06,"OARD apps 11960000-14999999, first OARD action=CTNF, pilot 3 excluded",2012-08-16,True,,main,
12764539,11356551,3700,main,2010-08-11,3725,1,20261006,2026-10-06,"OARD apps 11960000-14999999, first OARD action=CTNF, pilot 3 excluded",2010-04-21,True,,main,
12518829,12518829,3700,main,2010-11-12,3721,2,20261006,2026-10-06,"OARD apps 11960000-14999999, first OARD action=CTNF, pilot 3 excluded",2009-06-11,True,,main,
13769419,13769419,3700,alternate_1,2015-03-16,3731,4,20261006,2026-10-06,"OARD apps 11960000-14999999, first OARD action=CTNF, pilot 3 excluded",2013-02-18,True,,extra_alternate,
14482153,14482153,3700,alternate_2,2017-02-27,3765,1,20261006,2026-10-06,"OARD apps 11960000-14999999, first OARD action=CTNF, pilot 3 excluded",2014-09-10,True,,extra_alternate,
