sample_id,app_id,family_id,cutoff,label_available_date,split,reason
12839299_t1,12839299,11575053,2012-02-16,2012-04-25,train,
12729026_t1,12729026,10561071,2012-07-25,2012-09-20,train,
12833764_t1,12833764,10911464,2012-02-13,2012-02-23,train,
13001081_t1,13001081,13001081,2013-12-13,2014-01-15,excluded_boundary,label_not_available_at_training_end
14622198_t1,14622198,14622198,2016-04-21,2016-05-06,test,
14130025_t1,14130025,14130025,2017-02-27,2017-05-31,test,
12292346_t1,12292346,12292346,2012-01-09,2012-01-20,train,
14460009_t1,14460009,11564157,2016-09-09,2016-10-26,test,
13312797_t1,13312797,13312797,2012-12-21,2013-05-03,train,
14723918_t1,14723918,14723918,2016-09-06,2016-12-13,test,
13151341_t1,13151341,13151341,2014-11-11,2015-02-25,test,
12813013_t1,12813013,11691276,2013-06-20,2013-10-09,train,
13043628_t1,13043628,13043628,2013-08-29,2013-09-30,train,
12323135_t1,12323135,09746924,2010-10-25,2011-01-06,train,
13575141_t1,13575141,13575141,2014-11-26,2015-03-11,test,
12570813_t1,12570813,12570813,2013-02-04,2013-05-15,train,
12110584_t1,12110584,12110584,2011-01-13,2011-03-17,train,
12362857_t1,12362857,09981182,2010-02-01,2010-05-11,train,
12785847_t1,12785847,12785847,2012-11-29,2013-02-06,train,
14229448_t1,14229448,14229448,2016-01-12,2016-04-06,test,
13293637_t1,13293637,12215360,2013-04-01,2013-05-02,train,
14543665_t1,14543665,11777184,2016-12-22,2017-04-12,test,
14523635_t1,14523635,14523635,2016-04-05,2017-02-07,test,
12044999_t1,12044999,10952427,2011-03-19,2011-04-25,train,
13151368_t1,13151368,13151368,2013-08-26,2013-10-25,train,
14950996_t1,14950996,14950996,2017-02-16,2017-03-29,test,
12068956_t1,12068956,12068956,2010-04-28,2010-07-26,train,
12799646_t1,12799646,12799646,2013-03-21,2013-05-31,train,
13079536_t1,13079536,13079536,2013-05-17,2013-06-07,train,
14816491_t1,14816491,14816491,2017-04-14,2017-05-22,test,
12427402_t1,12427402,10101508,2010-10-12,2011-01-21,train,
14401783_t1,14401783,14401783,2015-12-29,2016-03-14,test,
12844263_t1,12844263,12844263,2013-01-22,2013-02-14,train,
14031839_t1,14031839,14031839,2015-02-27,2015-03-26,test,
14838440_t1,14838440,14838440,2016-10-31,2017-01-27,test,
12320570_t1,12320570,12320570,2011-02-15,2011-04-07,train,
12050527_t1,12050527,12050527,2010-10-22,2010-12-09,train,
14420580_t1,14420580,14420580,2016-01-06,2016-02-25,test,
13241198_t1,13241198,11352289,2012-10-11,2013-01-25,train,
12858323_t1,12858323,12858323,2013-03-18,2013-04-01,train,
14665041_t1,14665041,14665041,2017-01-20,2017-04-04,test,
12883255_t1,12883255,12883255,2011-10-21,2011-12-22,train,
12599615_t1,12599615,12599615,2012-10-16,2012-11-08,train,
14355074_t1,14355074,14355074,2014-11-28,2014-12-16,test,
12428314_t1,12428314,12428314,2011-08-18,2011-10-03,train,
12100982_t1,12100982,12100982,2009-08-17,2009-10-06,train,
12431066_t1,12431066,12431066,2011-06-21,2011-08-15,train,
14239985_t1,14239985,14239985,2015-07-16,2015-08-26,test,
13577408_t1,13577408,13577408,2015-05-08,2015-05-20,test,
14157613_t1,14157613,11042732,2016-04-04,2016-04-22,test,
14857422_t1,14857422,11402319,2016-09-19,2016-12-07,test,
12095059_t1,12095059,12095059,2012-10-18,2012-12-03,train,
13697289_t1,13697289,13697289,2016-02-02,2016-03-02,test,
13587693_t1,13587693,13587693,2014-12-17,2015-02-05,test,
12764539_t1,12764539,11356551,2010-12-13,2011-03-01,train,
12518829_t1,12518829,12518829,2011-03-14,2011-05-06,train,
13769419_t1,13769419,13769419,2015-05-29,2015-08-19,test,
14482153_t1,14482153,14482153,2017-04-17,2017-07-26,test,
