sample_id,family_id,cutoff,split
12839299_t1,11575053,2012-02-16,train
12729026_t1,10561071,2012-07-25,train
12833764_t1,10911464,2012-02-13,train
14622198_t1,14622198,2016-04-21,test
14130025_t1,14130025,2017-02-27,test
12292346_t1,12292346,2012-01-09,train
14460009_t1,11564157,2016-09-09,test
13312797_t1,13312797,2012-12-21,train
14723918_t1,14723918,2016-09-06,test
13151341_t1,13151341,2014-11-11,test
12813013_t1,11691276,2013-06-20,train
13043628_t1,13043628,2013-08-29,train
12323135_t1,09746924,2010-10-25,train
13575141_t1,13575141,2014-11-26,test
12570813_t1,12570813,2013-02-04,train
12110584_t1,12110584,2011-01-13,train
12362857_t1,09981182,2010-02-01,train
12785847_t1,12785847,2012-11-29,train
14229448_t1,14229448,2016-01-12,test
13293637_t1,12215360,2013-04-01,train
14543665_t1,11777184,2016-12-22,test
14523635_t1,14523635,2016-04-05,test
12044999_t1,10952427,2011-03-19,train
13151368_t1,13151368,2013-08-26,train
14950996_t1,14950996,2017-02-16,test
12068956_t1,12068956,2010-04-28,train
12799646_t1,12799646,2013-03-21,train
13079536_t1,13079536,2013-05-17,train
14816491_t1,14816491,2017-04-14,test
12427402_t1,10101508,2010-10-12,train
14401783_t1,14401783,2015-12-29,test
12844263_t1,12844263,2013-01-22,train
14031839_t1,14031839,2015-02-27,test
14838440_t1,14838440,2016-10-31,test
12320570_t1,12320570,2011-02-15,train
12050527_t1,12050527,2010-10-22,train
14420580_t1,14420580,2016-01-06,test
13241198_t1,11352289,2012-10-11,train
12858323_t1,12858323,2013-03-18,train
14665041_t1,14665041,2017-01-20,test
12883255_t1,12883255,2011-10-21,train
12599615_t1,12599615,2012-10-16,train
14355074_t1,14355074,2014-11-28,test
12428314_t1,12428314,2011-08-18,train
12100982_t1,12100982,2009-08-17,train
12431066_t1,12431066,2011-06-21,train
14239985_t1,14239985,2015-07-16,test
13577408_t1,13577408,2015-05-08,test
14157613_t1,11042732,2016-04-04,test
14857422_t1,11402319,2016-09-19,test
12095059_t1,12095059,2012-10-18,train
13697289_t1,13697289,2016-02-02,test
13587693_t1,13587693,2014-12-17,test
12764539_t1,11356551,2010-12-13,train
12518829_t1,12518829,2011-03-14,train
13769419_t1,13769419,2015-05-29,test
14482153_t1,14482153,2017-04-17,test
