sample_id,app_id,family_id,stratum_tc,o1_doc_id,o1_mail_date,cutoff,next_event_type,next_event_doc_id,label_available_date,occurrence,eligible_cls,eligible_gen,censored,procedural_interrupt,ordering_uncertain,exclusion_reason,label_source,snapshot_date,scope,label_status,verification_owner,verification_method,verification_source
14622198_t1,14622198,14622198,1600,IJOA4TMRPXXIFW4,2016-01-25,2016-04-21,NOA,INT56N19RXEAPX3,2016-05-06,0,True,False,False,,False,,ODP documents catalog (officialDate) + transactions,2026-10-06,main,document_verified,A,A supplied reply-date correspondence checks; not independently verified by B,label_verification.csv
14130025_t1,14130025,14130025,1700,IW40PYD7RXEAPX2,2016-11-30,2017-02-27,CTFR,J3D6DPKNRXEAPX3,2017-05-31,1,True,True,False,,False,,ODP documents catalog (officialDate) + transactions,2026-10-06,main,document_verified,A,A supplied reply-date correspondence checks; not independently verified by B,label_verification.csv
14460009_t1,14460009,11564157,1700,IP70AMJ4RXEAPX1,2016-06-10,2016-09-09,CTFR,IUO35ON8RXEAPX2,2016-10-26,1,True,True,False,,False,,ODP documents catalog (officialDate) + transactions,2026-10-06,main,document_verified,A,A supplied reply-date correspondence checks; not independently verified by B,label_verification.csv
14723918_t1,14723918,14723918,1700,INUFX76HRXEAPX2,2016-05-05,2016-09-06,CTFR,IWNJSWTWRXEAPX5,2016-12-13,1,True,True,False,,False,,ODP documents catalog (officialDate) + transactions,2026-10-06,main,document_verified,A,A supplied reply-date correspondence checks; not independently verified by B,label_verification.csv
13151341_t1,13151341,13151341,1700,HYROSEDBPXXIFW4,2014-08-14,2014-11-11,CTFR,I6HW51HUPXXIFW4,2015-02-25,1,True,True,False,,False,,ODP documents catalog (officialDate) + transactions,2026-10-06,main,document_verified,A,A supplied reply-date correspondence checks; not independently verified by B,label_verification.csv
13575141_t1,13575141,13575141,2100,HZCRBTS5PXXIFW4,2014-08-27,2014-11-26,CTFR,I726LKEGPXXIFW4,2015-03-11,1,True,True,False,,False,,ODP documents catalog (officialDate) + transactions,2026-10-06,main,document_verified,A,A supplied reply-date correspondence checks; not independently verified by B,label_verification.csv
14229448_t1,14229448,14229448,2400,IFQUHQC9PXXIFW4,2015-10-16,2016-01-12,NOA,IMM5LX4OPXXIFW4,2016-04-06,0,True,False,False,,False,,ODP documents catalog (officialDate) + transactions,2026-10-06,main,document_verified,A,A supplied reply-date correspondence checks; not independently verified by B,label_verification.csv
14543665_t1,14543665,11777184,2400,ITBM47V9RXEAPX4,2016-09-22,2016-12-22,NOA,J1CB2L0ZRXEAPX5,2017-04-12,0,True,False,False,,False,,ODP documents catalog (officialDate) + transactions,2026-10-06,main,document_verified,A,A supplied reply-date correspondence checks; not independently verified by B,label_verification.csv
14523635_t1,14523635,14523635,2600,IIUAYJKCPXXIFW4,2016-01-05,2016-04-05,CTFR,IYQ5ER7JRXEAPX4,2017-02-07,1,True,True,False,,False,,ODP documents catalog (officialDate) + transactions,2026-10-06,main,document_verified,A,A supplied reply-date correspondence checks; not independently verified by B,label_verification.csv
14950996_t1,14950996,14950996,2600,IVI8GOYKRXEAPX5,2016-11-16,2017-02-16,CTFR,J0SCI1RURXEAPX2,2017-03-29,1,True,True,False,,False,,ODP documents catalog (officialDate) + transactions,2026-10-06,main,document_verified,A,A supplied reply-date correspondence checks; not independently verified by B,label_verification.csv
14816491_t1,14816491,14816491,2600,IY3AQZKSRXEAPX5,2017-01-20,2017-04-14,CTFR,J2UF4AX2RXEAPX0,2017-05-22,1,True,True,False,,False,,ODP documents catalog (officialDate) + transactions,2026-10-06,main,document_verified,A,A supplied reply-date correspondence checks; not independently verified by B,label_verification.csv
14401783_t1,14401783,14401783,2800,IFFMPPYTPXXIFW4,2015-10-08,2015-12-29,NOA,ILMLDJL9RXEAPX4,2016-03-14,0,True,False,False,,False,,ODP documents catalog (officialDate) + transactions,2026-10-06,main,document_verified,A,A supplied reply-date correspondence checks; not independently verified by B,label_verification.csv
14031839_t1,14031839,14031839,2800,I4CTKN69PXXIFW4,2015-01-05,2015-02-27,CTFR,I7NP40YTPXXIFW4,2015-03-26,1,True,True,False,,False,,ODP documents catalog (officialDate) + transactions,2026-10-06,main,document_verified,A,A supplied reply-date correspondence checks; not independently verified by B,label_verification.csv
14838440_t1,14838440,14838440,2800,IR4WGVTCRXEAPX1,2016-07-29,2016-10-31,CTFR,IYD05M7LRXEAPX0,2017-01-27,1,True,True,False,,False,,ODP documents catalog (officialDate) + transactions,2026-10-06,main,document_verified,A,A supplied reply-date correspondence checks; not independently verified by B,label_verification.csv
14420580_t1,14420580,14420580,2800,IF9UWYX9PXXIFW4,2015-10-06,2016-01-06,NOA,IKZIBWHARXEAPX2,2016-02-25,0,True,False,False,,False,,ODP documents catalog (officialDate) + transactions,2026-10-06,main,document_verified,A,A supplied reply-date correspondence checks; not independently verified by B,label_verification.csv
14665041_t1,14665041,14665041,2800,IS62HR1BRXEAPX0,2016-08-24,2017-01-20,NOA,J0XWHMJ3RXEAPX4,2017-04-04,0,True,False,False,,False,,ODP documents catalog (officialDate) + transactions,2026-10-06,main,document_verified,A,A supplied reply-date correspondence checks; not independently verified by B,label_verification.csv
14355074_t1,14355074,14355074,3600,HZB5QP52PXXIFW4,2014-08-28,2014-11-28,NOA,I3LQGJKPPXXIFW4,2014-12-16,0,True,False,False,,False,,ODP documents catalog (officialDate) + transactions,2026-10-06,main,document_verified,A,A supplied reply-date correspondence checks; not independently verified by B,label_verification.csv
14239985_t1,14239985,14239985,3600,I8IZSLOWPXXIFW4,2015-04-17,2015-07-16,NOA,IDPWO9M6PXXIFW4,2015-08-26,0,True,False,False,,False,,ODP documents catalog (officialDate) + transactions,2026-10-06,main,document_verified,A,A supplied reply-date correspondence checks; not independently verified by B,label_verification.csv
13577408_t1,13577408,13577408,3700,I4TVSPHWPXXIFW4,2015-01-14,2015-05-08,CTFR,I9TW78LVPXXIFW4,2015-05-20,1,True,True,False,,False,,ODP documents catalog (officialDate) + transactions,2026-10-06,main,document_verified,A,A supplied reply-date correspondence checks; not independently verified by B,label_verification.csv
14157613_t1,14157613,11042732,3700,IHLYW39ZPXXIFW4,2015-12-02,2016-04-04,CTFR,IN99KRK0PXXIFW4,2016-04-22,1,True,True,False,,False,,ODP documents catalog (officialDate) + transactions,2026-10-06,main,document_verified,A,A supplied reply-date correspondence checks; not independently verified by B,label_verification.csv
14857422_t1,14857422,11402319,3700,IN21WVQLPXXIFW4,2016-04-19,2016-09-19,CTFR,IWCDBV80RXEAPX1,2016-12-07,1,True,True,False,,False,,ODP documents catalog (officialDate) + transactions,2026-10-06,main,document_verified,A,A supplied reply-date correspondence checks; not independently verified by B,label_verification.csv
13697289_t1,13697289,13697289,3700,IGC83RI0PXXIFW4,2015-11-02,2016-02-02,CTFR,IL8485J8RXEAPX1,2016-03-02,1,True,True,False,,False,,ODP documents catalog (officialDate) + transactions,2026-10-06,main,document_verified,A,A supplied reply-date correspondence checks; not independently verified by B,label_verification.csv
13587693_t1,13587693,13587693,3700,I06NA0RDPXXIFW4,2014-09-19,2014-12-17,CTFR,I5PCOR0CPXXIFW4,2015-02-05,1,True,True,False,,False,,ODP documents catalog (officialDate) + transactions,2026-10-06,main,document_verified,A,A supplied reply-date correspondence checks; not independently verified by B,label_verification.csv
13769419_t1,13769419,13769419,3700,I76D6AHXPXXIFW4,2015-03-16,2015-05-29,CTFR,IDFVSUWGPXXIFW4,2015-08-19,1,True,True,False,,False,,ODP documents catalog (officialDate) + transactions,2026-10-06,main,document_verified,A,A supplied reply-date correspondence checks; not independently verified by B,label_verification.csv
14482153_t1,14482153,14482153,3700,IZIQABSZRXEAPX4,2017-02-27,2017-04-17,CTFR,J5IGH7DARXEAPX4,2017-07-26,1,True,True,False,,False,,ODP documents catalog (officialDate) + transactions,2026-10-06,main,document_verified,A,A supplied reply-date correspondence checks; not independently verified by B,label_verification.csv
