sample_id,days_filing_to_o1,days_o1_to_reply,o1_has_101,o1_has_102,o1_has_103,o1_has_112,o1_body_characters
12044999_t1,1017,88,0,1,1,0,9288
12050527_t1,856,92,0,1,0,0,5534
12068956_t1,715,90,0,1,1,0,16691
12095059_t1,1412,92,0,1,1,0,23541
12100982_t1,425,69,0,0,0,1,3060
12110584_t1,899,91,1,1,1,0,24638
12292346_t1,1054,94,0,0,1,0,12996
12320570_t1,595,152,0,1,0,0,3973
12323135_t1,632,67,0,0,1,0,11094
12362857_t1,279,88,0,1,1,0,24688
12427402_t1,514,25,1,0,0,0,7854
12428314_t1,695,153,0,1,1,1,13490
12431066_t1,692,92,0,1,1,0,4026
12518829_t1,519,122,0,0,1,1,7075
12570813_t1,1098,125,1,0,1,0,13884
12599615_t1,717,85,0,0,0,1,5777
12729026_t1,675,181,0,0,0,1,16576
12764539_t1,112,124,0,0,1,1,14544
12785847_t1,799,121,0,0,1,0,15133
12799646_t1,937,120,0,1,1,0,38082
12813013_t1,957,149,0,0,1,0,8366
12833764_t1,398,186,0,1,0,0,18840
12839299_t1,486,91,0,0,1,0,7390
12844263_t1,820,90,0,0,1,0,7169
12858323_t1,855,89,0,0,1,0,5976
12883255_t1,314,86,0,1,1,0,17730
13043628_t1,832,72,0,0,1,0,10869
13079536_t1,707,67,0,0,1,1,42294
13151341_t1,1169,89,0,1,1,1,9864
13151368_t1,693,123,0,0,1,1,39554
13241198_t1,202,183,0,1,1,0,9207
13293637_t1,417,91,0,0,0,0,4216
13312797_t1,294,87,0,1,1,0,10582
13575141_t1,763,91,0,1,0,0,6838
13577408_t1,891,114,0,0,1,1,6554
13587693_t1,764,89,0,0,1,0,8259
13697289_t1,1088,92,0,1,0,0,5076
13769419_t1,756,74,0,1,1,1,7443
14031839_t1,473,53,0,0,1,1,34411
14130025_t1,1066,89,0,1,0,1,17840
14157613_t1,684,124,1,0,0,1,14747
14229448_t1,567,88,0,0,1,0,31753
14239985_t1,421,90,0,0,0,1,3016
14355074_t1,121,92,0,0,1,0,3983
14401783_t1,325,82,0,1,1,0,14971
14420580_t1,239,92,0,1,1,0,26143
14460009_t1,666,91,0,1,1,1,9891
14482153_t1,901,49,0,0,1,1,18913
14523635_t1,438,91,0,0,1,0,8653
14543665_t1,675,91,0,0,1,0,12433
14622198_t1,346,87,0,0,1,0,13359
14665041_t1,520,149,0,0,1,0,25369
14723918_t1,343,124,0,1,1,0,19869
14816491_t1,536,84,0,1,1,1,23310
14838440_t1,336,94,0,0,1,0,23644
14857422_t1,215,153,1,0,0,0,2606
14950996_t1,358,92,0,1,0,0,6916
