sample_id,o1_doc_id,o1_mail_date,characters,sha256,explicit_rejection_matches,review_status
12044999_t1,GHXR0YIQPPOPPY5,2010-12-21,9288,dd32696e7ce5f514912ab8ad6d708c2fe858b717619a32bdd7340292942e96f0,4,rule_extracted_not_comprehensively_manual_verified
12050527_t1,GBXNNEBXPPOPPY5,2010-07-22,5534,a42aa7f5d0a5c6dbb6d9ac77fb339b828448431a3349e85b67c165648d9b569a,2,rule_extracted_not_comprehensively_manual_verified
12068956_t1,G4Z2AY9DPPOPPY5,2010-01-28,16691,a3ec9c8d58e5d5995bb831793d06b50080265a411e4c3e7d4bb20f8b9e4dd71b,15,rule_extracted_not_comprehensively_manual_verified
12095059_t1,H4SJUWO0PXXIFW4,2012-07-18,23541,ae4166580a60f0806a0f1582d6b2c47a9dc4fa5e6bbad1d03165abd55e99bc80,10,rule_extracted_not_comprehensively_manual_verified
12100982_t1,FVR4YRYOPPOPPY5,2009-06-09,3060,41975938362eab3d63a1ea57c524322c5f7cec6811b93042ade91fbbd0203b1d,3,rule_extracted_not_comprehensively_manual_verified
12110584_t1,GF9LUVURPPOPPY5,2010-10-14,24638,f7edd67b8febd3c81ae5654c73337782652f5bae2c895e14a91923c4ebfa22fe,8,rule_extracted_not_comprehensively_manual_verified
12292346_t1,GTHB3YECPPOPPY5,2011-10-07,12996,ebea43ead16e6b3acc0413e128d15a5efa4297f926667404f26d567e07147d94,2,rule_extracted_not_comprehensively_manual_verified
12320570_t1,GE2U7UPUPPOPPY5,2010-09-16,3973,91386548c32cddf880b9b95bc840e05ea8d1b7e4150239a4877a69cb106d6150,2,rule_extracted_not_comprehensively_manual_verified
12323135_t1,GCZ45R9VPPOPPY5,2010-08-19,11094,c89c62ba12b1801560c0fb57e791a04fa79fba392c2fe566228c411bbbbd171d,3,rule_extracted_not_comprehensively_manual_verified
12362857_t1,G1NLKGJRPPOPPY5,2009-11-05,24688,3fd92791d6b6ced1252a97389f85e8bcaf795b1ca7addd4c5b47a3541ed5b917,5,rule_extracted_not_comprehensively_manual_verified
12427402_t1,GE44GNH1PPOPPY5,2010-09-17,7854,91d0eaf98a2fc0332c9c2fecbda95e813f4fb726a4947c7b953932e72d09ac24,3,rule_extracted_not_comprehensively_manual_verified
12428314_t1,GLFAFZQZPPOPPY5,2011-03-18,13490,8bf028b35365d03399b65e498bfa173bb8c33a201f71556dd3e066dd08dd2670,9,rule_extracted_not_comprehensively_manual_verified
12431066_t1,GLJO6T9CPPOPPY5,2011-03-21,4026,3948431d83e695c94cc0dc100f4e625d01021019caa1f159cd8a347476b56d41,4,rule_extracted_not_comprehensively_manual_verified
12518829_t1,GGFH173IPPOPPY5,2010-11-12,7075,ecfdcb9d5f9601ce9b340493a10e28fac3acf9bd9052219a5e491df8788d4b8d,4,rule_extracted_not_comprehensively_manual_verified
12570813_t1,H7SYH74DPXXIFW4,2012-10-02,13884,f4b47eb1e56d0e25f42951c43a098db94167460110e420bd7dcb406757c2eb27,5,rule_extracted_not_comprehensively_manual_verified
12599615_t1,H4ZJ4HH8PXXIFW4,2012-07-23,5777,fe7e28ec2567ec72e367c4a1de4525a1f7496355515602c8ca3d5c4df07dbefd,3,rule_extracted_not_comprehensively_manual_verified
12729026_t1,GXVU0YT3PXXIFW4,2012-01-26,16576,3d86ca6f6b7d1b7cf807c85d1de31462d04daf7bbae787be5a63f440eae96a77,5,rule_extracted_not_comprehensively_manual_verified
12764539_t1,GCNS7Y00PPOPPY5,2010-08-11,14544,50f6bb6cdb69e1698ac41ff9e59ef00be264fe52b80d96111674c5bff4fb2528,3,rule_extracted_not_comprehensively_manual_verified
12785847_t1,H55BPI4WPXXIFW4,2012-07-31,15133,4ea8fc0cc7236595cfc424dab1396a4a72263d648dfab6485fabf23f750ba9f7,3,rule_extracted_not_comprehensively_manual_verified
12799646_t1,H9SLZDP1PXXIFW4,2012-11-21,38082,ff22c53d0f8da518a957b510624f4aeff36e38bccc08e1f5743f38f8be850af4,5,rule_extracted_not_comprehensively_manual_verified
12813013_t1,HC24BFO1PXXIFW4,2013-01-22,8366,a1ee6b6b02c58136a607e1f80fd50190e178e3ba9962414a811f00f1f0fa02ea,3,rule_extracted_not_comprehensively_manual_verified
12833764_t1,GR51EY7OPPOPPY5,2011-08-11,18840,480c462bb8c45b6e1d06c366ca8a5f462e620ef508e417a968a9bfdf274053fe,7,rule_extracted_not_comprehensively_manual_verified
12839299_t1,GV3SB1ZQPXXIFW4,2011-11-17,7390,d544da81662916cca08b4b1367573861e5b3e70b51c8cdb32f383bd521ed8a04,1,rule_extracted_not_comprehensively_manual_verified
12844263_t1,H8OGBYUCPXXIFW4,2012-10-24,7169,700c70f65f02da68a9025ac3386079549c84fa7450bbae16340703ab6775ca98,2,rule_extracted_not_comprehensively_manual_verified
12858323_t1,HAVGBNKAPXXIFW4,2012-12-19,5976,6a110b59c02ee2e320bf7674429c748119032bf64afd6d8f588e8d80d1d07cc8,2,rule_extracted_not_comprehensively_manual_verified
12883255_t1,GQJFGSEWPPOPPY5,2011-07-27,17730,a10628826c0b927d6b62df3dc0cd99b5b17ba1138735e2c36ece1d76943b84a9,5,rule_extracted_not_comprehensively_manual_verified
13043628_t1,HHXHE3JZPXXIFW4,2013-06-18,10869,bae417c2a201619a65406870ce9c12e4abf0e4033af6073b5e14e4e69dcb9957,3,rule_extracted_not_comprehensively_manual_verified
13079536_t1,HDZWI7EJPXXIFW4,2013-03-11,42294,7db060fd319372ce5bc44828b44e96f73301d3b5b944c517bcf0dfe270117661,11,rule_extracted_not_comprehensively_manual_verified
13151341_t1,HYROSEDBPXXIFW4,2014-08-14,9864,216422d9c620032f2a80d5069b7bc1ac5d2d43f6d921d5d0b6093c0f10c1ca6c,4,rule_extracted_not_comprehensively_manual_verified
13151368_t1,HFV74TRVPXXIFW4,2013-04-25,39554,b91d960fc98630fa401b1bbcc502d9f49fb21185c3e9663fae4d38f4e14b22c5,8,rule_extracted_not_comprehensively_manual_verified
13241198_t1,H0VF1732PXXIFW4,2012-04-11,9207,ceb845faf09f17be29304779b78906df9da43cec06138b768343a8460da375d6,5,rule_extracted_not_comprehensively_manual_verified
13293637_t1,HB87WAYCPXXIFW4,2012-12-31,4216,e78f455a857a13d9f1f4881dbcdfbb1702a78a3f28971ea7d93d1c3587b5668b,0,rule_extracted_not_comprehensively_manual_verified
13312797_t1,H7HUG9TAPXXIFW4,2012-09-25,10582,d83657b105e30d456737e1e1ea7a7a84ddad9f325a8a4adc7c85ef79d6e8a478,4,rule_extracted_not_comprehensively_manual_verified
13575141_t1,HZCRBTS5PXXIFW4,2014-08-27,6838,3dd0fedb62320bcdcc39fa6a27ee0d075b9290e97001144459460e4dc17e0485,1,rule_extracted_not_comprehensively_manual_verified
13577408_t1,I4TVSPHWPXXIFW4,2015-01-14,6554,0e0621e982162d20ce65e59807a8e19ba6a481591c7636c35bec014b076d4066,3,rule_extracted_not_comprehensively_manual_verified
13587693_t1,I06NA0RDPXXIFW4,2014-09-19,8259,7b7c90a66066c32b2d6ed3688ba8674609cd923331bc3b38d0abe06f87c70c36,3,rule_extracted_not_comprehensively_manual_verified
13697289_t1,IGC83RI0PXXIFW4,2015-11-02,5076,4055bb8ce173855d89e777d0cd8ed324d1c122b05845fd0c61dc1c31521cf547,1,rule_extracted_not_comprehensively_manual_verified
13769419_t1,I76D6AHXPXXIFW4,2015-03-16,7443,82c67fd4e4a1e1d60677cc9a5586fc78ff25f1050ccac14214807cb46ec5471b,4,rule_extracted_not_comprehensively_manual_verified
14031839_t1,I4CTKN69PXXIFW4,2015-01-05,34411,19ef8e056d164a3aad312c400d2fa9f481ecf3970717a9d710998f8e6dd15ef2,8,rule_extracted_not_comprehensively_manual_verified
14130025_t1,IW40PYD7RXEAPX2,2016-11-30,17840,89dae34a1273cb75552f9536d42ae5dfd514253592422a256b82224b507ebdc6,3,rule_extracted_not_comprehensively_manual_verified
14157613_t1,IHLYW39ZPXXIFW4,2015-12-02,14747,e37e616697cad6904a086056e2d969907a1c5c24aaff36d8137c2eaa83636cd4,6,rule_extracted_not_comprehensively_manual_verified
14229448_t1,IFQUHQC9PXXIFW4,2015-10-16,31753,b8fc4cee15d5ef9c0d086adc2eb5cb72baf7cd5284d17c3fd2dcedf4ecf013e3,3,rule_extracted_not_comprehensively_manual_verified
14239985_t1,I8IZSLOWPXXIFW4,2015-04-17,3016,ab19891c4d794b8e79e8538002c178835b7df4a913f6097b2ffb62c0cc91c3e9,1,rule_extracted_not_comprehensively_manual_verified
14355074_t1,HZB5QP52PXXIFW4,2014-08-28,3983,fd2021c480903025fdf98a68f2a70dc190026a65473c7b8b642ab026eadb4926,1,rule_extracted_not_comprehensively_manual_verified
14401783_t1,IFFMPPYTPXXIFW4,2015-10-08,14971,cb2412630d64d0d774d1ef92e9e73bd12af23fba96ce37eb641aeb39bf90401a,2,rule_extracted_not_comprehensively_manual_verified
14420580_t1,IF9UWYX9PXXIFW4,2015-10-06,26143,24289706a64681cfd6088f7a74ccc841c4f42e6c399425567f2bb1505758a9c3,5,rule_extracted_not_comprehensively_manual_verified
14460009_t1,IP70AMJ4RXEAPX1,2016-06-10,9891,c1d8f4f071a344c229952d32cd54e3561d3c9f21f6301077d1eed7bdacf65320,4,rule_extracted_not_comprehensively_manual_verified
14482153_t1,IZIQABSZRXEAPX4,2017-02-27,18913,c4e9b7a80c4c07cde7651db4b319b5f8921c140a1745fae6b1c0948f2820a216,6,rule_extracted_not_comprehensively_manual_verified
14523635_t1,IIUAYJKCPXXIFW4,2016-01-05,8653,a22615b0f3ff5856db7465f01102c71fe67cb6ea86dbb0444587ca9cdbd37282,1,rule_extracted_not_comprehensively_manual_verified
14543665_t1,ITBM47V9RXEAPX4,2016-09-22,12433,aa87559b181e2f812cc5c9bf2406dcf8ff3695e13e934514d0a50ade2ab728e0,1,rule_extracted_not_comprehensively_manual_verified
14622198_t1,IJOA4TMRPXXIFW4,2016-01-25,13359,488a276e672511985f3e8ca9c992caee2cbc3d1abfd1b9e7954e7be60d17afaf,2,rule_extracted_not_comprehensively_manual_verified
14665041_t1,IS62HR1BRXEAPX0,2016-08-24,25369,01271ebe9e8b578235212c3dc5b78221416e0edf36e1390b7b48d714e7fbc5c8,3,rule_extracted_not_comprehensively_manual_verified
14723918_t1,INUFX76HRXEAPX2,2016-05-05,19869,ab7696b13e24ff05beb931588e3da46045cd52f7bf23f249581652df618cd77f,6,rule_extracted_not_comprehensively_manual_verified
14816491_t1,IY3AQZKSRXEAPX5,2017-01-20,23310,bd9a99f21eb8879d0bf01fd78f14bbde1eb2bf63b6695e543e5bb3d6625e3f08,7,rule_extracted_not_comprehensively_manual_verified
14838440_t1,IR4WGVTCRXEAPX1,2016-07-29,23644,a6397098dd62d9a61caafea34e217a9f7ad45283b4a775d62f32a934b24ad30c,2,rule_extracted_not_comprehensively_manual_verified
14857422_t1,IN21WVQLPXXIFW4,2016-04-19,2606,a323f282f554da55e2473ff75e505e119a5b4c35fe8255db666bfd68776a279a,1,rule_extracted_not_comprehensively_manual_verified
14950996_t1,IVI8GOYKRXEAPX5,2016-11-16,6916,f987a45914b053ed7b6c560bce54fed216389032c1228ef81449ceb7ca2e3038,2,rule_extracted_not_comprehensively_manual_verified
