sample_id,days_filing_to_o1,days_o1_to_reply,a1_remarks_characters,a1_claim_change_present,a1_canceled_status_present
12044999_t1,1017,88,14238,1,1
12050527_t1,856,92,9777,1,0
12068956_t1,715,90,8322,1,1
12095059_t1,1412,92,1460,1,1
12100982_t1,425,69,3559,0,1
12110584_t1,899,91,6214,1,0
12292346_t1,1054,94,8544,1,0
12320570_t1,595,152,4894,1,0
12323135_t1,632,67,4467,1,0
12362857_t1,279,88,3738,1,0
12427402_t1,514,25,1476,1,0
12428314_t1,695,153,12321,1,0
12431066_t1,692,92,3339,1,1
12518829_t1,519,122,4723,1,1
12570813_t1,1098,125,6982,1,1
12599615_t1,717,85,5771,1,1
12729026_t1,675,181,9971,1,1
12764539_t1,112,124,9183,1,0
12785847_t1,799,121,14548,1,1
12799646_t1,937,120,4716,1,1
12813013_t1,957,149,9904,1,1
12833764_t1,398,186,11458,1,1
12839299_t1,486,91,3862,1,1
12844263_t1,820,90,1398,1,1
12858323_t1,855,89,4730,1,0
12883255_t1,314,86,6489,1,1
13043628_t1,832,72,6358,1,1
13079536_t1,707,67,2998,1,1
13151341_t1,1169,89,12215,1,1
13151368_t1,693,123,15651,1,0
13241198_t1,202,183,7941,1,1
13293637_t1,417,91,1743,0,1
13312797_t1,294,87,8278,1,1
13575141_t1,763,91,9915,1,0
13577408_t1,891,114,7470,1,1
13587693_t1,764,89,9444,1,0
13697289_t1,1088,92,9976,1,1
13769419_t1,756,74,5744,1,1
14031839_t1,473,53,10619,1,0
14130025_t1,1066,89,7744,1,0
14157613_t1,684,124,4948,1,1
14229448_t1,567,88,7874,1,1
14239985_t1,421,90,1490,1,0
14355074_t1,121,92,4238,1,1
14401783_t1,325,82,6275,1,0
14420580_t1,239,92,8668,1,1
14460009_t1,666,91,9943,1,0
14482153_t1,901,49,44213,1,1
14523635_t1,438,91,4644,1,0
14543665_t1,675,91,10116,1,1
14622198_t1,346,87,792,1,1
14665041_t1,520,149,17105,1,1
14723918_t1,343,124,10644,1,0
14816491_t1,536,84,14032,1,0
14838440_t1,336,94,5251,1,0
14857422_t1,215,153,3646,1,1
14950996_t1,358,92,5726,,
