sample_id,p_second_oa
13151341_t1,0.5620594245096378
13575141_t1,0.5296535752532557
13577408_t1,0.6535828116176137
13587693_t1,0.5214518620763298
13697289_t1,0.5739869773675257
13769419_t1,0.5917832662269845
14031839_t1,0.5281037298542814
14130025_t1,0.42774675501515647
14157613_t1,0.7056277155703772
14229448_t1,0.6822620152478611
14239985_t1,0.5576756460171197
14355074_t1,0.764161295466963
14401783_t1,0.5998477979209152
14420580_t1,0.764663850523727
14460009_t1,0.5559040024516295
14482153_t1,0.7546153464410058
14523635_t1,0.5781568501632521
14543665_t1,0.6770513195253937
14622198_t1,0.686923999612807
14665041_t1,0.8367235860251531
14723918_t1,0.7090401413119185
14816491_t1,0.6041803823822195
14838440_t1,0.6154749158899447
14857422_t1,0.8325131184054934
14950996_t1,0.7237168174240279
