sample_id,doc_id,file_title,sha256,role
12044999_t1,GLM6OUFBPPOPPY3,2011-03-19_REM_GLM6OUFBPPOPPY3.txt,77b8212fedef8a8e8981cdd0bf3a92c84f69b0175f847f1b7232ddf5f8650f17,remarks
12044999_t1,GLM6OUCGPPOPPY3,2011-03-19_CLM_GLM6OUCGPPOPPY3.txt,82260162655e07bddd205d3789486ef905221d8325bf098d0917bcfc61b41962,reviewed_claim_markup
12050527_t1,GFLK2JFAPPOPPY2,2010-10-22_REM_GFLK2JFAPPOPPY2.txt,3f2fe7b7ea0d537b9560f2a953ea4d0d547657e775556f9197da894b10e9d0a0,remarks
12050527_t1,GFLK2JEJPPOPPY2,2010-10-22_CLM_GFLK2JEJPPOPPY2.txt,ad30ccef0f94de297ebabc63ff57ef3b51b38f7d1ea0447be43ed4362f47664e,reviewed_claim_markup
12068956_t1,G8U9MY3FPPOPPY5,2010-04-28_REM_G8U9MY3FPPOPPY5.txt,30fbf6f2ea52c5d59e5e59461b5afac95ae280aee1ade04330735a53366861c8,remarks
12068956_t1,G8U9MY32PPOPPY5,2010-04-28_CLM_G8U9MY32PPOPPY5.txt,d0e23639638f5054877f554df1c62997d39d78b48c8353b93cedde67cacfd29b,reviewed_claim_markup
12095059_t1,H8G0NBFZPXXIFW3,2012-10-18_REM_H8G0NBFZPXXIFW3.txt,8b5edf410fb68ac21e0f61effac6c13541dc9e4e7f9ffbf2fdca5382449011cb,remarks
12095059_t1,H8G0NBFRPXXIFW3,2012-10-18_CLM_H8G0NBFRPXXIFW3.txt,a45386f7147b85f53990a29a43891bbb21be29317d5c2a714ce4545ee020b736,reviewed_claim_markup
12100982_t1,FYK2X4EGPPOPPY1,2009-08-17_REM_FYK2X4EGPPOPPY1.txt,d66afd1b35caf920e2a3322dec7665a9a99a0e7c9bc527e1c0364d1b43ff8d7c,remarks
12100982_t1,FYK2X4CWPPOPPY1,2009-08-17_CLM_FYK2X4CWPPOPPY1.txt,a05907e402b94598e1ed6a589d11113c1adc86b323757504eb03b858924743e4,reviewed_claim_markup
12110584_t1,GIVV25TFPPOPPY2,2011-01-13_REM_GIVV25TFPPOPPY2.txt,3617b857d905400222b5bd270d2a0d053728125ec7d9f90ecfe8a957770799e0,remarks
12110584_t1,GIVV25T1PPOPPY2,2011-01-13_CLM_GIVV25T1PPOPPY2.txt,4b075bd66e0034be5445c4e67f01f15a8fdd18909a1f34767b24dd0ba9e5b918,reviewed_claim_markup
12292346_t1,GX7VJB6IPXXIFW3,2012-01-09_REM_GX7VJB6IPXXIFW3.txt,751179ebda68ea43bc30cc8ec978d1a2f5348e15687aa364e299bd916eb3a72a,remarks
12292346_t1,GX7VJB65PXXIFW3,2012-01-09_CLM_GX7VJB65PXXIFW3.txt,e45e13bd2e09a7fdb02deade1dd43dd98a143272b96cd6e7595efe4cbfa299e8,reviewed_claim_markup
12320570_t1,GKGU6I6BPPOPPY5,2011-02-15_REM_GKGU6I6BPPOPPY5.txt,5db5cad9e4af8ff7a52110662d8ff53119e6b503431995c15e13009ed45c0faa,remarks
12320570_t1,GKGU6I0SPPOPPY5,2011-02-15_CLM_GKGU6I0SPPOPPY5.txt,939cc66d783aef1fb7e9fb6da3586cb70b82cb44492db5c1d59af4807259abd9,reviewed_claim_markup
12323135_t1,GFPXL8WOPPOPPY2,2010-10-25_REM_GFPXL8WOPPOPPY2.txt,b8a7ab00376f0ebbc45ab377116c6652fdfa9497ac19c3689785c0243a185925,remarks
12323135_t1,GFPXL8SAPPOPPY2,2010-10-25_CLM_GFPXL8SAPPOPPY2.txt,77c0eac69c2b31739e0e8a9c3a8b543b61bd6384a2df5eb449addce5310edc3f,reviewed_claim_markup
12362857_t1,G55SG8UMPPOPPY2,2010-02-01_REM_G55SG8UMPPOPPY2.txt,f7a61c591899acab6bd88a5f8d66c31e1d1a38d9fbc6bf5a99be139b336e9df0,remarks
12362857_t1,G55SG8TYPPOPPY2,2010-02-01_CLM_G55SG8TYPPOPPY2.txt,fc3a4afc66278e742b6fb458a826c929cd121516d3d820c8ec3c2f23e9bc4534,reviewed_claim_markup
12427402_t1,GF79LPFEPPOPPY2,2010-10-12_REM_GF79LPFEPPOPPY2.txt,77fa0bd7e33f4d9249909ffa4a07f37fa2b4d2165ff6daceb45eb62dca1442be,remarks
12427402_t1,GF79LPEXPPOPPY2,2010-10-12_CLM_GF79LPEXPPOPPY2.txt,40a5bc6799b41fd7a726a1e4bbf9514035d92b7f38e7c47c186493480c097585,reviewed_claim_markup
12428314_t1,GRI3N73YPPOPPY2,2011-08-18_REM_GRI3N73YPPOPPY2.txt,1757529a78b3a84b74d0699f099a4d299923f67a570b83c8ec78f1397f3d9eba,remarks
12428314_t1,GRI3N796PPOPPY2,2011-08-18_REM_GRI3N796PPOPPY2.txt,1c20250330c7140f9172f42a3829df020c3b5828589f37532ce0444d987290aa,remarks
12428314_t1,GRI3N750PPOPPY2,2011-08-18_CLM_GRI3N750PPOPPY2.txt,5f222406399fef4482dd6b3cdf4fb547e6a6aecdaf7d33b419cbc8ce143b5378,reviewed_claim_markup
12431066_t1,GP7A3ZVLPPOPPY2,2011-06-21_REM_GP7A3ZVLPPOPPY2.txt,ab9c013669ec9d9528b49c6f74d02a927c75339b159cbf3d295a80680fb50aca,remarks
12431066_t1,GP7A3ZV6PPOPPY2,2011-06-21_CLM_GP7A3ZV6PPOPPY2.txt,48f0d9d69e44854c60ac7e93d1dfb97e1f2e2c218ca648beefb6cffa3e2dd2f7,reviewed_claim_markup
12518829_t1,GLC8IJGZPPOPPY1,2011-03-14_REM_GLC8IJGZPPOPPY1.txt,ada84e51e44ef0a8adf40b40d7e76ee1c5096ceaf40378d927900de37494b59f,remarks
12518829_t1,GLC8IJAQPPOPPY1,2011-03-14_CLM_GLC8IJAQPPOPPY1.txt,5d90575bced1963bc7c851c9825d272406ef1c360fa5e2dfa69cf26c8ccf2ed2,reviewed_claim_markup
12570813_t1,HCS5I9R4PXXIFW3,2013-02-04_REM_HCS5I9R4PXXIFW3.txt,2b050c9a94c004cd9720559bdb31b56d21e4ef98b747f497355d0eab8212b4f5,remarks
12570813_t1,HCS5I9QWPXXIFW3,2013-02-04_CLM_HCS5I9QWPXXIFW3.txt,50f66203bddc16e1bdbdb3615840b75c8e8cc842f95200a0264838bac009fd2a,reviewed_claim_markup
12599615_t1,H8D0U9WUPXXIFW3,2012-10-16_REM_H8D0U9WUPXXIFW3.txt,fd4a876c9d7554293b589862220fea5ba72fe75386db7c5bdb0d4b0f7d579f73,remarks
12599615_t1,H8FZ6XEAPXXIFW1,2012-10-16_REM_H8FZ6XEAPXXIFW1.txt,7a6cb966e2976eecae93ebb1922f5742afaad8a9f9a0d87d973b686dd3fd72f5,remarks
12599615_t1,H8D0U9WKPXXIFW3,2012-10-16_CLM_H8D0U9WKPXXIFW3.txt,ae18e2ac112324cc62e9685d96025a31eb27b5e243c7933fe67adb6b48c92ae3,reviewed_claim_markup
12729026_t1,H5337QJJPXXIFW3,2012-07-25_REM_H5337QJJPXXIFW3.txt,96e803a325066ba7e1d923fdd88d262210668a24f1eb990fe4606ada912b28d4,remarks
12729026_t1,H5337QJBPXXIFW3,2012-07-25_CLM_H5337QJBPXXIFW3.txt,21d306eb3779ed436ad826cb1719e4c065cbefa3b130b4b0ef6d425b4cd39dc9,reviewed_claim_markup
12764539_t1,GHNXL98GPPOPPY2,2010-12-13_REM_GHNXL98GPPOPPY2.txt,cd74f655986c386991f8930cd8e0398f96065e51a49f344332ccb7952f4724a0,remarks
12764539_t1,GHNXL97IPPOPPY2,2010-12-13_CLM_GHNXL97IPPOPPY2.txt,9a0cb7e30aaa8a51b7f64a48b2f758e87631449a6601a8b960f28296f3c7dc85,reviewed_claim_markup
12785847_t1,HA5LJDK2PXXIFW1,2012-11-29_REM_HA5LJDK2PXXIFW1.txt,d349cd2f78216f85c6722fc1428767a73da1300d5387c46e9e427d031ecd7c50,remarks
12785847_t1,HA5LJDIVPXXIFW1,2012-11-29_CLM_HA5LJDIVPXXIFW1.txt,cfe5d41475cc55fa77ce3f3f5f6e6c637fc1e1c40caf5c48ef396badc934dada,reviewed_claim_markup
12799646_t1,HEK3TN90PXXIFW3,2013-03-21_REM_HEK3TN90PXXIFW3.txt,ab4fc7044b6754f9519ac4c15f57f98ee02a7089d84fd3bfc6ed51b44b9bfb3a,remarks
12799646_t1,HEK3TN8MPXXIFW3,2013-03-21_CLM_HEK3TN8MPXXIFW3.txt,6ec04226a01dafd91843ed708580770e0d9982969f1b47f10ee0b161af3dcc76,reviewed_claim_markup
12813013_t1,HI67P1CXPXXIFW3,2013-06-20_REM_HI67P1CXPXXIFW3.txt,3c708aaed630aa22b0753fdd5e5c4b5861b80576ce9627d6aebec3d5143b0266,remarks
12813013_t1,HI67P1CPPXXIFW3,2013-06-20_CLM_HI67P1CPPXXIFW3.txt,b3236c0e52b363fbf88ddd9cbdc6d908c9590916045c28761eee0eba912b3a08,reviewed_claim_markup
12833764_t1,GYM720J3PXXIFW3,2012-02-13_REM_GYM720J3PXXIFW3.txt,514a4f7b49361dc3c0515961448997f79bf640d3a35907910eefa28e08ec0046,remarks
12833764_t1,GYM720IUPXXIFW3,2012-02-13_CLM_GYM720IUPXXIFW3.txt,45c6a1f579ac99466ee1ba7cbf1121f820547df609abf5a510607d301464e50f,reviewed_claim_markup
12839299_t1,GYX4YDW5PXXIFW2,2012-02-16_REM_GYX4YDW5PXXIFW2.txt,e96d737279f9f006859bb211feb51391669472b33c965ac611f1ed0925c1b1ff,remarks
12839299_t1,GYX4XWIXPXXIFW2,2012-02-16_CLM_GYX4XWIXPXXIFW2.txt,97c7f39a6945cc33b7828b91ea1d124699fea9f6852ff2a37536d0f3cb2f7320,reviewed_claim_markup
12844263_t1,HCC0593VPXXIFW2,2013-01-22_REM_HCC0593VPXXIFW2.txt,7919e705c161147519bf06e4adbc8b59386a019a22316887b292b4163441e137,remarks
12844263_t1,HCC0592WPXXIFW2,2013-01-22_CLM_HCC0592WPXXIFW2.txt,1b2379174e743854001f7bd338364022d28c69f7621a80c96a1d11f959016950,reviewed_claim_markup
12858323_t1,HEO7YNPGPXXIFW1,2013-03-18_REM_HEO7YNPGPXXIFW1.txt,862ffcf20a6eddc866bc0565257288083ef08f1f9a0f220f1ca52b2f6bac27c3,remarks
12858323_t1,HEO7YNNZPXXIFW1,2013-03-18_CLM_HEO7YNNZPXXIFW1.txt,1fb9d6a1cad3de345b5eefdf902a5b8605cc252054954dd3ba88d93ae504268f,reviewed_claim_markup
12883255_t1,GU1KOXJXPPOPPY2,2011-10-21_REM_GU1KOXJXPPOPPY2.txt,7d3700b796a6055af08b790f73a1d9c3db712aa0a5d11ea8a3275ad1464ca3fd,remarks
12883255_t1,GU1KOXE3PPOPPY2,2011-10-21_CLM_GU1KOXE3PPOPPY2.txt,421a3035715cb6ae3959751c79a9a5a37100d72f5e744857ab9605c806cd9786,reviewed_claim_markup
13043628_t1,HL5APA77PXXIFW2,2013-08-29_REM_HL5APA77PXXIFW2.txt,b0409b8b792182d06a4ff5131c70994ef3d16bd818368043c2fd13625182f0e8,remarks
13043628_t1,HL5APA5HPXXIFW2,2013-08-29_CLM_HL5APA5HPXXIFW2.txt,59faa2166de1abe0c106d17d8f1790afc7152fb4232d3d8a8955b5453742c55a,reviewed_claim_markup
13079536_t1,HGZ342JGPXXIFW1,2013-05-17_REM_HGZ342JGPXXIFW1.txt,bfe4f978ba3fe7c12c1f736ef4e8f6e9b379404134b54cc3ed98c0ffcd46b0f3,remarks
13079536_t1,HGZ342I9PXXIFW1,2013-05-17_CLM_HGZ342I9PXXIFW1.txt,bb7e1b825eab4c376fe5087450645f9ad5b6e01b5a1afc2adc4ab9758d8c314a,reviewed_claim_markup
13151341_t1,I2DT63PQPXXIFW3,2014-11-11_REM_I2DT63PQPXXIFW3.txt,8c2c6ce675bfbef6d8d680f1fe5e21cf37eebc5ea6065cf30ef4dcf214101aef,remarks
13151341_t1,I2DT63PHPXXIFW3,2014-11-11_CLM_I2DT63PHPXXIFW3.txt,9596c6014683a6d86e6950ea3b07b27bdae15006a0f4d7f19a11d6b02d36e79d,reviewed_claim_markup
13151368_t1,HKU6BUVKPXXIFW3,2013-08-26_REM_HKU6BUVKPXXIFW3.txt,c0cf311ab8e95ee8fcc43e1c9522e70956e3e104d19e7fce9dd9cea4c591297b,remarks
13151368_t1,HKU6BUV3PXXIFW3,2013-08-26_CLM_HKU6BUV3PXXIFW3.txt,c95b19e8d8b824432eff38659b2a9575eaf6b62de2e14f5e7db809bf1f646924,reviewed_claim_markup
13241198_t1,H86FD0HJPXXIFW3,2012-10-11_REM_H86FD0HJPXXIFW3.txt,b4c124c37a71b0a66dd5ee1a0b70ca0cc335e7afeb6bedfaebe74e321cb4904a,remarks
13241198_t1,H86FD0H7PXXIFW3,2012-10-11_CLM_H86FD0H7PXXIFW3.txt,8e9a54db3949a1865c00ff65761f490d4a8c9957f7faf3fa324e80b5ebe6717d,reviewed_claim_markup
13293637_t1,HF2Q45FBPXXIFW2,2013-04-01_REM_HF2Q45FBPXXIFW2.txt,d8dc3a6af07ddceec354c09978b7c97d1b0cf339f99cd7141184043ba3010fa9,remarks
13293637_t1,HF2Q45EPPXXIFW2,2013-04-01_CLM_HF2Q45EPPXXIFW2.txt,ae849bc5c8f87bdcb9d82a66b8af2a065a21d1f320657449f5a07ac300597397,reviewed_claim_markup
13312797_t1,HB84YSEBPXXIFW1,2012-12-21_REM_HB84YSEBPXXIFW1.txt,d03f1087cf5ea8b19a2385ad40d4b3472ce7ea638587a481f0db9983e2d28d4d,remarks
13312797_t1,HAZO2FIVPXXIFW3,2012-12-21_CLM_HAZO2FIVPXXIFW3.txt,acde9b6441e5c35a697a25a4fce64dcb9fdfe30b976025476fbc77614f3f20e5,reviewed_claim_markup
13575141_t1,I2YYHZF4PXXIFW3,2014-11-26_REM_I2YYHZF4PXXIFW3.txt,976d7dc47c3b1703278db35d951dfd3f17105b5dea337d1d238e8bc13f38d02e,remarks
13575141_t1,I2YYHZE4PXXIFW3,2014-11-26_CLM_I2YYHZE4PXXIFW3.txt,c97c781bf7615072d1067bd0162c68924c283fc95d082cd4eec1bd18cd1d99b0,reviewed_claim_markup
13577408_t1,I9JZAS67PXXIFW2,2015-05-08_REM_I9JZAS67PXXIFW2.txt,efa7fcb6ddd12eaf97e90982089245c44f803f38f07c84d79ab84170db0e621b,remarks
13577408_t1,I9JZAS3JPXXIFW2,2015-05-08_CLM_I9JZAS3JPXXIFW2.txt,15b452833b10353c4dc1dcb76803fcfd0298c5da2b0ffa2c7e5a6620da530634,reviewed_claim_markup
13587693_t1,I3TANKNQPXXIFW3,2014-12-17_REM_I3TANKNQPXXIFW3.txt,135b3bf0a49ef7ec80e5212a5e707c5b06aa1fbda9483e7c020d04a5d015d489,remarks
13587693_t1,I3TANKNIPXXIFW3,2014-12-17_CLM_I3TANKNIPXXIFW3.txt,9db5448cf4bfd0dd28985c2227e482425bdc872e2dfc12525c1c4757dd11b55d,reviewed_claim_markup
13697289_t1,IK8DHTS7PXXIFW1,2016-02-02_REM_IK8DHTS7PXXIFW1.txt,b5f9f81af82a4a9bfb0968464dfed311255f5510362e47b1aa764abc33a26e1e,remarks
13697289_t1,IK8DHTRFPXXIFW1,2016-02-02_CLM_IK8DHTRFPXXIFW1.txt,9d88ec9b39de4c161c5c30d143e4687ef819c42388b45a89e6a5aa33a9438c9b,reviewed_claim_markup
13769419_t1,IAE3ADZDPXXIFW2,2015-05-29_REM_IAE3ADZDPXXIFW2.txt,b961a99ee8b66766536411f2775bafebcf931912ecc19e2e3c90c694d533d31d,remarks
13769419_t1,IAE3ADOQPXXIFW2,2015-05-29_CLM_IAE3ADOQPXXIFW2.txt,0ec73558e87df1fa0748c3ef8229f0b7226992dc633ed007d4150dc7af601ad2,reviewed_claim_markup
14031839_t1,I6O2B54PPXXIFW3,2015-02-27_REM_I6O2B54PPXXIFW3.txt,970c37d6ba13b521613091349b8599c36a51c540dfbf03c26815b6919b0893f1,remarks
14031839_t1,I6O2B53SPXXIFW3,2015-02-27_CLM_I6O2B53SPXXIFW3.txt,31fcf36a5e039bf66c6e3e0d5f7f2529f894dfa960461123a965f4a1cfc998a0,reviewed_claim_markup
14130025_t1,IZR7806MPXXIFW1,2017-02-27_REM_IZR7806MPXXIFW1.txt,fbe6111cc0f4ff9eb1b8ab2e6e7b43962f68c269cf109ae64353c1b7ccbc9550,remarks
14130025_t1,IZR7805IPXXIFW1,2017-02-27_CLM_IZR7805IPXXIFW1.txt,b6a60a1b75b76c4677e6800af585953407945310523c30dd5af5d6db33990269,reviewed_claim_markup
14157613_t1,IMOXC29EPXXIFW1,2016-04-04_REM_IMOXC29EPXXIFW1.txt,d61f4e49955e9c62638dc4aa1c432766ce500ca2b7e52aed839642c8bd7d1c1d,remarks
14157613_t1,IMOXC28YPXXIFW1,2016-04-04_CLM_IMOXC28YPXXIFW1.txt,08acd968a729964f163ae8b81bf95433974b3e660287998af74052de4ae0dc12,reviewed_claim_markup
14229448_t1,IJEENGR6PXXIFW1,2016-01-12_REM_IJEENGR6PXXIFW1.txt,998c6a6f51bfe65305f9d2c5ecba5edb74c12b1a74135e7a16c46373f1c20bab,remarks
14229448_t1,IJEENGQYPXXIFW1,2016-01-12_CLM_IJEENGQYPXXIFW1.txt,391ad46cb28b53ff0b19df2ae87616afebf016c14f601d4e49fdaa9e6e96fd19,reviewed_claim_markup
14239985_t1,ICG4M1DYPXXIFW4,2015-07-16_REM_ICG4M1DYPXXIFW4.txt,b9b24ae78d9b3314699d282ba46511bdef3ee6d55132beaec1b46adb1262a374,remarks
14239985_t1,ICG4M1DRPXXIFW4,2015-07-16_CLM_ICG4M1DRPXXIFW4.txt,de86298b1f0d79d94a568b6cac66d6d77c0f5d56a8275c6157bb463bcd6d5c67,reviewed_claim_markup
14355074_t1,I3BL0QBDPXXIFW4,2014-11-28_REM_I3BL0QBDPXXIFW4.txt,09d19cc106d50e73422dc7f2af24384762e5b13e91ed5a647d69085c41a5ef35,remarks
14355074_t1,I3BL0QB3PXXIFW4,2014-11-28_CLM_I3BL0QB3PXXIFW4.txt,57caf6e5b79630d64aa17cc6cfe72245d85d7cc930512c728ae2f5211f665cc4,reviewed_claim_markup
14401783_t1,IIXE7SITPXXIFW1,2015-12-29_REM_IIXE7SITPXXIFW1.txt,f6980a271f436a38b8ea56a6d3065e1d2c35c88914d0c047c1a4e706b8d5296e,remarks
14401783_t1,IIXE7SFYPXXIFW1,2015-12-29_REM_IIXE7SFYPXXIFW1.txt,21c355be690a6695610c065509a6e86082474bdd0ee000500b082bab662f225a,remarks
14401783_t1,IIXE7SH4PXXIFW1,2015-12-29_CLM_IIXE7SH4PXXIFW1.txt,4f051cc25b84c24dd918dbf8c6b4a27f4e23b783c14231c0e9059c2d0558042d,reviewed_claim_markup
14420580_t1,IJA916LDPXXIFW1,2016-01-06_REM_IJA916LDPXXIFW1.txt,5c8df0205f080f1825643ba4dffeddf2ac0046614d4a8a4b3b45e4f3d5bc7720,remarks
14420580_t1,IJA916JSPXXIFW1,2016-01-06_CLM_IJA916JSPXXIFW1.txt,e3e3e35cc38ece74090e990d9f970f5fe68fc78b080a3171ce64f1f79d4adcaf,reviewed_claim_markup
14460009_t1,ISW9CHPURXEAPX2,2016-09-09_REM_ISW9CHPURXEAPX2.txt,8aec10c1ef1a83f7c9144eefee727f24ad360486371736137cba66ef5eec0ed3,remarks
14460009_t1,ISW9CHPTRXEAPX2,2016-09-09_CLM_ISW9CHPTRXEAPX2.txt,ce4875e02b4bcb55b1eb53df8aa8dbb7dab8b3ab44ed70a3cb5b93d62f980b65,reviewed_claim_markup
14482153_t1,J1MNMJKDRXEAPX0,2017-04-17_REM_J1MNMJKDRXEAPX0.txt,a16aa2503e598bef48dd21a303815c6e2dae4f0e09f636536b6212c561329e59,remarks
14482153_t1,J1MNMJKBRXEAPX0,2017-04-17_CLM_J1MNMJKBRXEAPX0.txt,3191218106c8c3fe162bb69d08c50cbc91c153f743a4e39a2df757ae6ab6f028,reviewed_claim_markup
14523635_t1,IMNS5HH9PXXIFW3,2016-04-05_REM_IMNS5HH9PXXIFW3.txt,060d3f79b66ef2fc85f8f6426fbf50b5fd8bf37193cb1dfdac7d28382487ece7,remarks
14523635_t1,IMNS5HH3PXXIFW3,2016-04-05_CLM_IMNS5HH3PXXIFW3.txt,e320c7f70fa1bcee72849314362350bd96351b3bd4dbf8ed9d32304efa092ecc,reviewed_claim_markup
14543665_t1,IX0NMWGDRXEAPX5,2016-12-22_REM_IX0NMWGDRXEAPX5.txt,7c509ab31eb6e978a14bc28e16744a1afbebd86d1fd7d95d832f7802ee1a3d2e,remarks
14543665_t1,IX0NMWGCRXEAPX5,2016-12-22_CLM_IX0NMWGCRXEAPX5.txt,8a6a2592c3ac45fbc41ba18d976728eb4f54d2750e85981f9f2df909b14eaa58,reviewed_claim_markup
14622198_t1,ING2FB16PXXIFW2,2016-04-21_REM_ING2FB16PXXIFW2.txt,8c67b5dd28a5a830f95481c19385868e0090dd90d2957a379ddd71a49da19157,remarks
14622198_t1,ING2FB0XPXXIFW2,2016-04-21_CLM_ING2FB0XPXXIFW2.txt,fd0698185e7a29fe7b7602c391a82d730ea4e86eabb53cdd21fe990ad86ec2fa,reviewed_claim_markup
14665041_t1,IY5YMF8MRXEAPX2,2017-01-20_REM_IY5YMF8MRXEAPX2.txt,c9cd1a9974ea39b4e18326d5a68c15f9cab480dc7ba1d9f21ab656f3b49c865a,remarks
14665041_t1,IY5YMF8LRXEAPX2,2017-01-20_CLM_IY5YMF8LRXEAPX2.txt,93e4917c352c404bd602a42c69429d3964ba6adf0a3c2292d5b4e02f3ab151d1,reviewed_claim_markup
14723918_t1,ISS0O53DRXEAPX3,2016-09-06_REM_ISS0O53DRXEAPX3.txt,05fee6ec004d98ce9185f5cf54eed8910943810c255c74e0cad4552d3d063710,remarks
14723918_t1,ISS0O53CRXEAPX3,2016-09-06_CLM_ISS0O53CRXEAPX3.txt,6c536c91878c0c722f7915ffe4921feb12dc4065662a6f424cbc3e08a8871771,reviewed_claim_markup
14816491_t1,J1HXC0SORXEAPX5,2017-04-14_REM_J1HXC0SORXEAPX5.txt,b0a55bb04eb0ed0c96466a68f4e520960069c50881c2a18a21aea4bceaf18bd3,remarks
14816491_t1,J1HXC0SNRXEAPX5,2017-04-14_CLM_J1HXC0SNRXEAPX5.txt,0ed33eb820b500b43b6cf990ad46d8304e374d416b4d3a0a6b75df1742466edb,reviewed_claim_markup
14838440_t1,IUYJEAEJRXEAPX3,2016-10-31_REM_IUYJEAEJRXEAPX3.txt,4a775efcccd9faa30e088559e57cdaa00aa39e3ad7d40cf0ae941d7e71e552fb,remarks
14838440_t1,IUYJEAEIRXEAPX3,2016-10-31_CLM_IUYJEAEIRXEAPX3.txt,0897959ad0744796a8d8ea38f588b5f9e2bcac67ee9e369d9dbe2f6426750008,reviewed_claim_markup
14857422_t1,ITADD10JRXEAPX5,2016-09-19_REM_ITADD10JRXEAPX5.txt,a522d14df468a57eb879f959fd26de7a785ff6babe4e051d1e311134334c392c,remarks
14857422_t1,ITADD10IRXEAPX5,2016-09-19_CLM_ITADD10IRXEAPX5.txt,f74e5ee94012bdd47ff9a5e542b732938b212c81823e8cbff9623d9da726c306,reviewed_claim_markup
14950996_t1,IZA3EECKPXXIFW1,2017-02-16_REM_IZA3EECKPXXIFW1.txt,6302a7d43c374855f1ef5bf50343d3b00ce8e18206224e9a858c77499d675eea,remarks
